Instance type,Instance family,Instance size,Availability zones,Free-Tier eligible,Bare metal,Hypervisor,vCPUs,Architecture,Cores,Valid cores,Threads per core,Valid threads per core,Sustained clock speed (GHz),Memory (MiB),Storage (GB),Local instance storage,Storage type,Storage disk count,EBS encryption support,EBS optimization support,Network performance,ENA support,Maximum number of network interfaces,IPv4 addresses per interface,IPv6 addresses per interface,IPv6 support,Supported placement group strategies,GPUs,FPGAs,Auto Recovery support,Supported root devices,Dedicated Host support,On-Demand Hibernation support,Burstable Performance support,Current generation,On-Demand Linux pricing,On-Demand Windows pricing
a1.2xlarge,a1,2xlarge,"eu-central-1a, eu-central-1b",false,false,nitro,8,arm64,8,8,1,1,2.3,16384,-,-,-,-,supported,default,Up to 10 Gigabit,required,4,15,15,true,"cluster, spread, partition",-,-,true,-,true,-,-,true,0.2328 USD per Hour,
a1.4xlarge,a1,4xlarge,"eu-central-1a, eu-central-1b",false,false,nitro,16,arm64,16,16,1,1,2.3,32768,-,-,-,-,supported,default,Up to 10 Gigabit,required,8,30,30,true,"cluster, spread, partition",-,-,true,-,true,-,-,true,0.4656 USD per Hour,
a1.large,a1,large,"eu-central-1a, eu-central-1b",false,false,nitro,2,arm64,2,2,1,1,2.3,4096,-,-,-,-,supported,default,Up to 10 Gigabit,required,3,10,10,true,"cluster, spread, partition",-,-,true,-,true,-,-,true,0.0582 USD per Hour,
a1.medium,a1,medium,"eu-central-1a, eu-central-1b",false,false,nitro,1,arm64,1,1,1,1,2.3,2048,-,-,-,-,supported,default,Up to 10 Gigabit,required,2,4,4,true,"cluster, spread, partition",-,-,true,-,true,-,-,true,0.0291 USD per Hour,
a1.metal,a1,metal,"eu-central-1a, eu-central-1b",false,true,,16,arm64,-,-,-,-,2.3,32768,-,-,-,-,supported,default,Up to 10 Gigabit,required,8,30,30,true,"cluster, spread, partition",-,-,true,-,true,-,-,true,0.466 USD per Hour,
a1.xlarge,a1,xlarge,"eu-central-1a, eu-central-1b",false,false,nitro,4,arm64,4,4,1,1,2.3,8192,-,-,-,-,supported,default,Up to 10 Gigabit,required,4,15,15,true,"cluster, spread, partition",-,-,true,-,true,-,-,true,0.1164 USD per Hour,
c3.2xlarge,c3,2xlarge,"eu-central-1a, eu-central-1b",false,false,xen,8,x86_64,4,"1,2,3,4",2,"1,2",2.8,15360,160,true,ssd,1,supported,supported,High,unsupported,4,15,15,true,"cluster, spread, partition",-,-,true,-,true,true,-,false,0.516 USD per Hour,0.848 USD per Hour
c3.4xlarge,c3,4xlarge,"eu-central-1a, eu-central-1b",false,false,xen,16,x86_64,8,"1,2,3,4,5,6,7,8",2,"1,2",2.8,30720,320,true,ssd,1,supported,supported,High,unsupported,8,30,30,true,"cluster, spread, partition",-,-,true,-,true,true,-,false,1.032 USD per Hour,1.696 USD per Hour
c3.8xlarge,c3,8xlarge,"eu-central-1a, eu-central-1b",false,false,xen,32,x86_64,16,"2,4,6,8,10,12,14,16",2,"1,2",2.8,61440,640,true,ssd,1,supported,unsupported,10 Gigabit,unsupported,8,30,30,true,"cluster, spread, partition",-,-,true,-,true,true,-,false,2.064 USD per Hour,3.392 USD per Hour
c3.large,c3,large,"eu-central-1a, eu-central-1b",false,false,xen,2,"x86_64, i386",1,1,2,"1,2",2.8,3840,32,true,ssd,1,supported,unsupported,Moderate,unsupported,3,10,10,true,"cluster, spread, partition",-,-,true,-,true,true,-,false,0.129 USD per Hour,0.212 USD per Hour
c3.xlarge,c3,xlarge,"eu-central-1a, eu-central-1b",false,false,xen,4,x86_64,2,"1,2",2,"1,2",2.8,7680,80,true,ssd,1,supported,supported,Moderate,unsupported,4,15,15,true,"cluster, spread, partition",-,-,true,-,true,true,-,false,0.258 USD per Hour,0.424 USD per Hour
c4.2xlarge,c4,2xlarge,"eu-central-1a, eu-central-1b, eu-central-1c",false,false,xen,8,x86_64,4,"1,2,3,4",2,"1,2",2.9,15360,-,-,-,-,supported,default,High,unsupported,4,15,15,true,"cluster, spread, partition",-,-,true,-,true,true,-,true,0.454 USD per Hour,0.822 USD per Hour
c4.4xlarge,c4,4xlarge,"eu-central-1a, eu-central-1b, eu-central-1c",false,false,xen,16,x86_64,8,"1,2,3,4,5,6,7,8",2,"1,2",2.9,30720,-,-,-,-,supported,default,High,unsupported,8,30,30,true,"cluster, spread, partition",-,-,true,-,true,true,-,true,0.909 USD per Hour,1.645 USD per Hour
c4.8xlarge,c4,8xlarge,"eu-central-1a, eu-central-1b, eu-central-1c",false,false,xen,36,x86_64,18,"2,4,6,8,10,12,14,16,18",2,"1,2",2.9,61440,-,-,-,-,supported,default,10 Gigabit,unsupported,8,30,30,true,"cluster, spread, partition",-,-,true,-,true,true,-,true,1.817 USD per Hour,3.473 USD per Hour
c4.large,c4,large,"eu-central-1a, eu-central-1b, eu-central-1c",false,false,xen,2,x86_64,1,1,2,"1,2",2.9,3840,-,-,-,-,supported,default,Moderate,unsupported,3,10,10,true,"cluster, spread, partition",-,-,true,-,true,true,-,true,0.114 USD per Hour,0.206 USD per Hour
c4.xlarge,c4,xlarge,"eu-central-1a, eu-central-1b, eu-central-1c",false,false,xen,4,x86_64,2,"1,2",2,"1,2",2.9,7680,-,-,-,-,supported,default,High,unsupported,4,15,15,true,"cluster, spread, partition",-,-,true,-,true,true,-,true,0.227 USD per Hour,0.411 USD per Hour
c5.12xlarge,c5,12xlarge,"eu-central-1a, eu-central-1b, eu-central-1c",false,false,nitro,48,x86_64,24,"2,4,6,8,10,12,14,16,18,20,22,24",2,"1,2",3.6,98304,-,-,-,-,supported,default,12 Gigabit,required,8,30,30,true,"cluster, spread, partition",-,-,true,-,-,true,-,true,2.328 USD per Hour,4.536 USD per Hour
c5.18xlarge,c5,18xlarge,"eu-central-1a, eu-central-1b, eu-central-1c",false,false,nitro,72,x86_64,36,"4,6,8,10,12,14,16,18,20,22,24,26,28,30,32,34,36",2,"1,2",3.4,147456,-,-,-,-,supported,default,25 Gigabit,required,15,50,50,true,"spread, partition, cluster",-,-,true,-,true,true,-,true,3.492 USD per Hour,6.804 USD per Hour
c5.24xlarge,c5,24xlarge,"eu-central-1a, eu-central-1b, eu-central-1c",false,false,nitro,96,x86_64,48,"2,4,6,8,10,12,14,16,18,20,22,24,26,28,30,32,34,36,38,40,42,44,46,48",2,"1,2",3.6,196608,-,-,-,-,supported,default,25 Gigabit,required,15,50,50,true,"cluster, spread, partition",-,-,true,-,-,-,-,true,4.656 USD per Hour,9.072 USD per Hour
c5.2xlarge,c5,2xlarge,"eu-central-1a, eu-central-1b, eu-central-1c",false,false,nitro,8,x86_64,4,"2,4",2,"1,2",3.4,16384,-,-,-,-,supported,default,Up to 10 Gigabit,required,4,15,15,true,"cluster, spread, partition",-,-,true,-,true,true,-,true,0.388 USD per Hour,0.756 USD per Hour
c5.4xlarge,c5,4xlarge,"eu-central-1a, eu-central-1b, eu-central-1c",false,false,nitro,16,x86_64,8,"2,4,6,8",2,"1,2",3.4,32768,-,-,-,-,supported,default,Up to 10 Gigabit,required,8,30,30,true,"cluster, spread, partition",-,-,true,-,true,true,-,true,0.776 USD per Hour,1.512 USD per Hour
c5.9xlarge,c5,9xlarge,"eu-central-1a, eu-central-1b, eu-central-1c",false,false,nitro,36,x86_64,18,"2,4,6,8,10,12,14,16,18",2,"1,2",3.4,73728,-,-,-,-,supported,default,10 Gigabit,required,8,30,30,true,"cluster, spread, partition",-,-,true,-,true,true,-,true,1.746 USD per Hour,3.402 USD per Hour
c5.large,c5,large,"eu-central-1a, eu-central-1b, eu-central-1c",false,false,nitro,2,x86_64,1,1,2,"1,2",3.4,4096,-,-,-,-,supported,default,Up to 10 Gigabit,required,3,10,10,true,"cluster, spread, partition",-,-,true,-,true,true,-,true,0.097 USD per Hour,0.189 USD per Hour
c5.metal,c5,metal,"eu-central-1a, eu-central-1b, eu-central-1c",false,true,,96,x86_64,-,-,-,-,3.6,196608,-,-,-,-,supported,default,25 Gigabit,required,15,50,50,true,"cluster, spread, partition",-,-,true,-,true,-,-,true,4.656 USD per Hour,9.072 USD per Hour
c5.xlarge,c5,xlarge,"eu-central-1a, eu-central-1b, eu-central-1c",false,false,nitro,4,x86_64,2,2,2,"1,2",3.4,8192,-,-,-,-,supported,default,Up to 10 Gigabit,required,4,15,15,true,"cluster, spread, partition",-,-,true,-,true,true,-,true,0.194 USD per Hour,0.378 USD per Hour
c5d.12xlarge,c5d,12xlarge,"eu-central-1a, eu-central-1b, eu-central-1c",false,false,nitro,48,x86_64,24,"2,4,6,8,10,12,14,16,18,20,22,24",2,"1,2",3.6,98304,1800,true,ssd,1,supported,default,12 Gigabit,required,8,30,30,true,"cluster, spread, partition",-,-,-,-,-,-,-,true,2.664 USD per Hour,4.872 USD per Hour
c5d.18xlarge,c5d,18xlarge,"eu-central-1a, eu-central-1b, eu-central-1c",false,false,nitro,72,x86_64,36,"4,6,8,10,12,14,16,18,20,22,24,26,28,30,32,34,36",2,"1,2",3.4,147456,1800,true,ssd,1,supported,default,25 Gigabit,required,15,50,50,true,"cluster, spread, partition",-,-,-,-,true,-,-,true,3.996 USD per Hour,7.308 USD per Hour
c5d.24xlarge,c5d,24xlarge,"eu-central-1a, eu-central-1b, eu-central-1c",false,false,nitro,96,x86_64,48,"2,4,6,8,10,12,14,16,18,20,22,24,26,28,30,32,34,36,38,40,42,44,46,48",2,"1,2",3.6,196608,3600,true,ssd,1,supported,default,25 Gigabit,required,15,50,50,true,"cluster, spread, partition",-,-,-,-,-,-,-,true,5.328 USD per Hour,9.744 USD per Hour
c5d.2xlarge,c5d,2xlarge,"eu-central-1a, eu-central-1b, eu-central-1c",false,false,nitro,8,x86_64,4,"2,4",2,"1,2",3.4,16384,200,true,ssd,1,supported,default,Up to 10 Gigabit,required,4,15,15,true,"cluster, spread, partition",-,-,-,-,true,-,-,true,0.444 USD per Hour,0.812 USD per Hour
c5d.4xlarge,c5d,4xlarge,"eu-central-1a, eu-central-1b, eu-central-1c",false,false,nitro,16,x86_64,8,"2,4,6,8",2,"1,2",3.4,32768,400,true,ssd,1,supported,default,Up to 10 Gigabit,required,8,30,30,true,"cluster, spread, partition",-,-,-,-,true,-,-,true,0.888 USD per Hour,1.624 USD per Hour
c5d.9xlarge,c5d,9xlarge,"eu-central-1a, eu-central-1b, eu-central-1c",false,false,nitro,36,x86_64,18,"2,4,6,8,10,12,14,16,18",2,"1,2",3.4,73728,900,true,ssd,1,supported,default,10 Gigabit,required,8,30,30,true,"spread, partition, cluster",-,-,-,-,true,-,-,true,1.998 USD per Hour,3.654 USD per Hour
c5d.large,c5d,large,"eu-central-1a, eu-central-1b, eu-central-1c",false,false,nitro,2,x86_64,1,1,2,"1,2",3.4,4096,50,true,ssd,1,supported,default,Up to 10 Gigabit,required,3,10,10,true,"cluster, spread, partition",-,-,-,-,true,-,-,true,0.111 USD per Hour,0.203 USD per Hour
c5d.metal,c5d,metal,"eu-central-1a, eu-central-1b, eu-central-1c",false,true,,96,x86_64,-,-,-,-,3.6,196608,3600,true,ssd,1,supported,default,25 Gigabit,required,15,50,50,true,"cluster, spread, partition",-,-,-,-,true,-,-,true,5.328 USD per Hour,9.744 USD per Hour
c5d.xlarge,c5d,xlarge,"eu-central-1a, eu-central-1b, eu-central-1c",false,false,nitro,4,x86_64,2,2,2,"1,2",3.4,8192,100,true,ssd,1,supported,default,Up to 10 Gigabit,required,4,15,15,true,"cluster, spread, partition",-,-,-,-,true,-,-,true,0.222 USD per Hour,0.406 USD per Hour
c5n.18xlarge,c5n,18xlarge,"eu-central-1a, eu-central-1b",false,false,nitro,72,x86_64,36,"4,6,8,10,12,14,16,18,20,22,24,26,28,30,32,34,36",2,"1,2",3.4,196608,-,-,-,-,supported,default,100 Gigabit,required,15,50,50,true,"cluster, spread, partition",-,-,true,-,true,-,-,true,4.428 USD per Hour,7.74 USD per Hour
c5n.2xlarge,c5n,2xlarge,"eu-central-1a, eu-central-1b",false,false,nitro,8,x86_64,4,"2,4",2,"1,2",3.4,21504,-,-,-,-,supported,default,Up to 25 Gigabit,required,4,15,15,true,"cluster, spread, partition",-,-,true,-,true,-,-,true,0.492 USD per Hour,0.86 USD per Hour
c5n.4xlarge,c5n,4xlarge,"eu-central-1a, eu-central-1b",false,false,nitro,16,x86_64,8,"2,4,6,8",2,"1,2",3.4,43008,-,-,-,-,supported,default,Up to 25 Gigabit,required,8,30,30,true,"cluster, spread, partition",-,-,true,-,true,-,-,true,0.984 USD per Hour,1.72 USD per Hour
c5n.9xlarge,c5n,9xlarge,"eu-central-1a, eu-central-1b",false,false,nitro,36,x86_64,18,"2,4,6,8,10,12,14,16,18",2,"1,2",3.4,98304,-,-,-,-,supported,default,50 Gigabit,required,8,30,30,true,"cluster, spread, partition",-,-,true,-,true,-,-,true,2.214 USD per Hour,3.87 USD per Hour
c5n.large,c5n,large,"eu-central-1a, eu-central-1b",false,false,nitro,2,x86_64,1,1,2,"1,2",3.4,5376,-,-,-,-,supported,default,Up to 25 Gigabit,required,3,10,10,true,"cluster, spread, partition",-,-,true,-,true,-,-,true,0.123 USD per Hour,0.215 USD per Hour
c5n.metal,c5n,metal,"eu-central-1a, eu-central-1b",false,true,,72,x86_64,-,-,-,-,3.4,196608,-,-,-,-,supported,default,100 Gigabit,required,15,50,50,true,"cluster, spread, partition",-,-,true,-,true,-,-,true,4.428 USD per Hour,7.74 USD per Hour
c5n.xlarge,c5n,xlarge,"eu-central-1a, eu-central-1b",false,false,nitro,4,x86_64,2,2,2,"1,2",3.4,10752,-,-,-,-,supported,default,Up to 25 Gigabit,required,4,15,15,true,"spread, partition, cluster",-,-,true,-,true,-,-,true,0.246 USD per Hour,0.43 USD per Hour
d2.2xlarge,d2,2xlarge,"eu-central-1a, eu-central-1b, eu-central-1c",false,false,xen,8,x86_64,4,"1,2,3,4",2,"1,2",2.4,62464,12288,true,hdd,1,supported,default,High,unsupported,4,15,15,true,"cluster, spread, partition",-,-,-,-,true,-,-,true,1.588 USD per Hour,1.809 USD per Hour
d2.4xlarge,d2,4xlarge,"eu-central-1a, eu-central-1b, eu-central-1c",false,false,xen,16,x86_64,8,"1,2,3,4,5,6,7,8",2,"1,2",2.4,124928,24576,true,hdd,1,supported,default,High,unsupported,8,30,30,true,"cluster, spread, partition",-,-,-,-,true,-,-,true,3.176 USD per Hour,3.478 USD per Hour
d2.8xlarge,d2,8xlarge,"eu-central-1a, eu-central-1b, eu-central-1c",false,false,xen,36,x86_64,18,"2,4,6,8,10,12,14,16,18",2,"1,2",2.4,249856,49152,true,hdd,1,supported,default,10 Gigabit,unsupported,8,30,30,true,"cluster, spread, partition",-,-,-,-,true,-,-,true,6.352 USD per Hour,7.03 USD per Hour
d2.xlarge,d2,xlarge,"eu-central-1a, eu-central-1b, eu-central-1c",false,false,xen,4,x86_64,2,"1,2",2,"1,2",2.4,31232,6144,true,hdd,1,supported,default,Moderate,unsupported,4,15,15,true,"spread, partition, cluster",-,-,-,-,true,-,-,true,0.794 USD per Hour,0.925 USD per Hour
g2.2xlarge,g2,2xlarge,"eu-central-1a, eu-central-1b",false,false,xen,8,x86_64,4,"1,2,3,4",2,"1,2",2.6,15360,60,true,ssd,1,supported,supported,Moderate,unsupported,4,15,-,-,"cluster, spread, partition",1,-,-,-,true,-,-,false,0.772 USD per Hour,0.906 USD per Hour
g2.8xlarge,g2,8xlarge,"eu-central-1a, eu-central-1b",false,false,xen,32,x86_64,16,"2,4,6,8,10,12,14,16",2,"1,2",2.6,61440,240,true,ssd,1,supported,unsupported,High,unsupported,8,30,-,-,"spread, partition, cluster",4,-,-,-,true,-,-,false,3.088 USD per Hour,3.366 USD per Hour
g3.16xlarge,g3,16xlarge,"eu-central-1a, eu-central-1b",false,false,xen,64,x86_64,32,"2,4,6,8,10,12,14,16,18,20,22,24,26,28,30,32",2,"1,2",2.3,499712,-,-,-,-,supported,default,25 Gigabit,supported,15,50,50,true,"cluster, spread, partition",4,-,-,-,true,-,-,true,5.7 USD per Hour,8.644 USD per Hour
g3.4xlarge,g3,4xlarge,"eu-central-1a, eu-central-1b",false,false,xen,16,x86_64,8,"1,2,3,4,5,6,7,8",2,"1,2",2.7,124928,-,-,-,-,supported,default,Up to 10 Gigabit,supported,8,30,30,true,"cluster, spread, partition",1,-,-,-,true,-,-,true,1.425 USD per Hour,2.161 USD per Hour
g3.8xlarge,g3,8xlarge,"eu-central-1a, eu-central-1b",false,false,xen,32,x86_64,16,"1,2,3,4,5,6,7,8,9,10,11,12,13,14,15,16",2,"1,2",2.7,249856,-,-,-,-,supported,default,10 Gigabit,supported,8,30,30,true,"cluster, spread, partition",2,-,-,-,true,-,-,true,2.85 USD per Hour,4.322 USD per Hour
g3s.xlarge,g3s,xlarge,"eu-central-1a, eu-central-1b",false,false,xen,4,x86_64,2,"1,2",2,"1,2",2.7,31232,-,-,-,-,supported,default,Up to 10 Gigabit,required,4,15,15,true,"spread, partition, cluster",1,-,-,-,true,-,-,true,0.938 USD per Hour,1.122 USD per Hour
g4dn.12xlarge,g4dn,12xlarge,"eu-central-1a, eu-central-1b",false,false,nitro,48,x86_64,24,"2,4,6,8,10,12,14,16,18,20,22,24",2,"1,2",2.5,196608,900,true,ssd,1,supported,default,50 Gigabit,required,8,30,30,true,"cluster, spread, partition",4,-,-,-,true,-,-,true,4.89 USD per Hour,7.098 USD per Hour
g4dn.16xlarge,g4dn,16xlarge,"eu-central-1a, eu-central-1b",false,false,nitro,64,x86_64,32,"2,4,6,8,10,12,14,16,18,20,22,24,26,28,30,32",2,"1,2",2.5,262144,900,true,ssd,1,supported,default,50 Gigabit,required,4,15,15,true,"cluster, spread, partition",1,-,-,-,-,-,-,true,5.44 USD per Hour,8.384 USD per Hour
g4dn.2xlarge,g4dn,2xlarge,"eu-central-1a, eu-central-1b",false,false,nitro,8,x86_64,4,"2,4",2,"1,2",2.5,32768,225,true,ssd,1,supported,default,Up to 25 Gigabit,required,3,10,10,true,"spread, partition, cluster",1,-,-,-,-,-,-,true,0.94 USD per Hour,1.308 USD per Hour
g4dn.4xlarge,g4dn,4xlarge,"eu-central-1a, eu-central-1b",false,false,nitro,16,x86_64,8,"2,4,6,8",2,"1,2",2.5,65536,225,true,ssd,1,supported,default,Up to 25 Gigabit,required,3,10,10,true,"spread, partition, cluster",1,-,-,-,-,-,-,true,1.505 USD per Hour,2.241 USD per Hour
g4dn.8xlarge,g4dn,8xlarge,"eu-central-1a, eu-central-1b",false,false,nitro,32,x86_64,16,"2,4,6,8,10,12,14,16",2,"1,2",2.5,131072,900,true,ssd,1,supported,default,50 Gigabit,required,4,15,15,true,"spread, partition, cluster",1,-,-,-,-,-,-,true,2.72 USD per Hour,4.192 USD per Hour
g4dn.xlarge,g4dn,xlarge,"eu-central-1a, eu-central-1b",false,false,nitro,4,x86_64,2,2,2,"1,2",2.5,16384,125,true,ssd,1,supported,default,Up to 25 Gigabit,required,3,10,10,true,"cluster, spread, partition",1,-,-,-,-,-,-,true,0.658 USD per Hour,0.842 USD per Hour
i2.2xlarge,i2,2xlarge,"eu-central-1a, eu-central-1b",false,false,xen,8,x86_64,4,"1,2,3,4",2,"1,2",2.5,62464,1600,true,ssd,1,supported,supported,High,unsupported,4,15,15,true,"cluster, spread, partition",-,-,-,-,true,-,-,false,2.026 USD per Hour,2.267 USD per Hour
i2.4xlarge,i2,4xlarge,"eu-central-1a, eu-central-1b",false,false,xen,16,x86_64,8,"1,2,3,4,5,6,7,8",2,"1,2",2.5,124928,3200,true,ssd,1,supported,supported,High,unsupported,8,30,30,true,"cluster, spread, partition",-,-,-,-,true,-,-,false,4.051 USD per Hour,4.532 USD per Hour
i2.8xlarge,i2,8xlarge,"eu-central-1a, eu-central-1b",false,false,xen,32,x86_64,16,"2,4,6,8,10,12,14,16",2,"1,2",2.5,249856,6400,true,ssd,1,supported,unsupported,10 Gigabit,unsupported,8,30,30,true,"cluster, spread, partition",-,-,-,-,true,-,-,false,8.102 USD per Hour,9.064 USD per Hour
i2.xlarge,i2,xlarge,"eu-central-1a, eu-central-1b",false,false,xen,4,x86_64,2,"1,2",2,"1,2",2.5,31232,800,true,ssd,1,supported,supported,Moderate,unsupported,4,15,15,true,"cluster, spread, partition",-,-,-,-,true,-,-,false,1.013 USD per Hour,1.133 USD per Hour
i3.16xlarge,i3,16xlarge,"eu-central-1a, eu-central-1b, eu-central-1c",false,false,xen,64,x86_64,32,"2,4,6,8,10,12,14,16,18,20,22,24,26,28,30,32",2,"1,2",2.3,499712,15200,true,ssd,1,supported,default,25 Gigabit,supported,15,50,50,true,"cluster, spread, partition",-,-,-,-,true,-,-,true,5.952 USD per Hour,8.896 USD per Hour
i3.2xlarge,i3,2xlarge,"eu-central-1a, eu-central-1b, eu-central-1c",false,false,xen,8,x86_64,4,"1,2,3,4",2,"1,2",2.3,62464,1900,true,ssd,1,supported,default,Up to 10 Gigabit,supported,4,15,15,true,"spread, partition, cluster",-,-,-,-,true,-,-,true,0.744 USD per Hour,1.112 USD per Hour
i3.4xlarge,i3,4xlarge,"eu-central-1a, eu-central-1b, eu-central-1c",false,false,xen,16,x86_64,8,"1,2,3,4,5,6,7,8",2,"1,2",2.3,124928,3800,true,ssd,1,supported,default,Up to 10 Gigabit,supported,8,30,30,true,"spread, partition, cluster",-,-,-,-,true,-,-,true,1.488 USD per Hour,2.224 USD per Hour
i3.8xlarge,i3,8xlarge,"eu-central-1a, eu-central-1b, eu-central-1c",false,false,xen,32,x86_64,16,"1,2,3,4,5,6,7,8,9,10,11,12,13,14,15,16",2,"1,2",2.3,249856,7600,true,ssd,1,supported,default,10 Gigabit,supported,8,30,30,true,"cluster, spread, partition",-,-,-,-,true,-,-,true,2.976 USD per Hour,4.448 USD per Hour
i3.large,i3,large,"eu-central-1a, eu-central-1b, eu-central-1c",false,false,xen,2,x86_64,1,1,2,"1,2",2.3,15616,475,true,ssd,1,supported,default,Up to 10 Gigabit,supported,3,10,10,true,"cluster, spread, partition",-,-,-,-,true,-,-,true,0.186 USD per Hour,0.278 USD per Hour
i3.metal,i3,metal,"eu-central-1a, eu-central-1b, eu-central-1c",false,true,,72,x86_64,-,-,-,-,2.3,524288,15200,true,ssd,1,supported,default,25 Gigabit,required,15,50,50,true,"spread, partition, cluster",-,-,-,-,true,-,-,true,5.952 USD per Hour,8.896 USD per Hour
i3.xlarge,i3,xlarge,"eu-central-1a, eu-central-1b, eu-central-1c",false,false,xen,4,x86_64,2,"1,2",2,"1,2",2.3,31232,950,true,ssd,1,supported,default,Up to 10 Gigabit,supported,4,15,15,true,"cluster, spread, partition",-,-,-,-,true,-,-,true,0.372 USD per Hour,0.556 USD per Hour
i3en.12xlarge,i3en,12xlarge,"eu-central-1a, eu-central-1b, eu-central-1c",false,false,nitro,48,x86_64,24,"2,4,6,8,10,12,14,16,18,20,22,24",2,"1,2",3.1,393216,30000,true,ssd,1,supported,default,50 Gigabit,required,8,30,30,true,"cluster, spread, partition",-,-,-,-,true,-,-,true,6.48 USD per Hour,8.688 USD per Hour
i3en.24xlarge,i3en,24xlarge,"eu-central-1a, eu-central-1b, eu-central-1c",false,false,nitro,96,x86_64,48,"2,4,6,8,10,12,14,16,18,20,22,24,26,28,30,32,34,36,38,40,42,44,46,48",2,"1,2",3.1,786432,60000,true,ssd,1,supported,default,100 Gigabit,required,15,50,50,true,"cluster, spread, partition",-,-,-,-,true,-,-,true,12.96 USD per Hour,17.376 USD per Hour
i3en.2xlarge,i3en,2xlarge,"eu-central-1a, eu-central-1b, eu-central-1c",false,false,nitro,8,x86_64,4,"2,4",2,"1,2",3.1,65536,5000,true,ssd,1,supported,default,Up to 25 Gigabit,required,4,15,15,true,"cluster, spread, partition",-,-,-,-,true,-,-,true,1.08 USD per Hour,1.448 USD per Hour
i3en.3xlarge,i3en,3xlarge,"eu-central-1a, eu-central-1b, eu-central-1c",false,false,nitro,12,x86_64,6,"2,4,6",2,"1,2",3.1,98304,7500,true,ssd,1,supported,default,Up to 25 Gigabit,required,4,15,15,true,"cluster, spread, partition",-,-,-,-,true,-,-,true,1.62 USD per Hour,2.172 USD per Hour
i3en.6xlarge,i3en,6xlarge,"eu-central-1a, eu-central-1b, eu-central-1c",false,false,nitro,24,x86_64,12,"2,4,6,8,10,12",2,"1,2",3.1,196608,15000,true,ssd,1,supported,default,25 Gigabit,required,8,30,30,true,"spread, partition, cluster",-,-,-,-,true,-,-,true,3.24 USD per Hour,4.344 USD per Hour
i3en.large,i3en,large,"eu-central-1a, eu-central-1b, eu-central-1c",false,false,nitro,2,x86_64,1,1,2,"1,2",3.1,16384,1250,true,ssd,1,supported,default,Up to 25 Gigabit,required,3,10,10,true,"spread, partition, cluster",-,-,-,-,true,-,-,true,0.27 USD per Hour,0.362 USD per Hour
i3en.metal,i3en,metal,"eu-central-1a, eu-central-1b, eu-central-1c",false,true,,96,x86_64,-,-,-,-,3.1,786432,60000,true,ssd,1,supported,default,100 Gigabit,required,15,50,50,true,"spread, partition, cluster",-,-,-,-,true,-,-,true,12.96 USD per Hour,17.376 USD per Hour
i3en.xlarge,i3en,xlarge,"eu-central-1a, eu-central-1b, eu-central-1c",false,false,nitro,4,x86_64,2,"1,2",2,"1,2",3.1,32768,2500,true,ssd,1,supported,default,Up to 25 Gigabit,required,4,15,15,true,"spread, partition, cluster",-,-,-,-,true,-,-,true,0.54 USD per Hour,0.724 USD per Hour
m3.2xlarge,m3,2xlarge,"eu-central-1a, eu-central-1b",false,false,xen,8,x86_64,4,"1,2,3,4",2,"1,2",2.5,30720,160,true,ssd,1,supported,supported,High,unsupported,4,30,-,-,"spread, partition",-,-,true,-,true,true,-,false,0.632 USD per Hour,1.136 USD per Hour
m3.large,m3,large,"eu-central-1a, eu-central-1b",false,false,xen,2,x86_64,2,"1,2",1,1,2.5,7680,32,true,ssd,1,supported,unsupported,Moderate,unsupported,3,10,-,-,"spread, partition",-,-,true,-,true,true,-,false,0.158 USD per Hour,0.284 USD per Hour
m3.medium,m3,medium,"eu-central-1a, eu-central-1b",false,false,xen,1,x86_64,1,1,1,1,2.5,3840,4,true,ssd,1,supported,unsupported,Moderate,unsupported,2,6,-,-,"spread, partition",-,-,true,-,true,true,-,false,0.079 USD per Hour,0.142 USD per Hour
m3.xlarge,m3,xlarge,"eu-central-1a, eu-central-1b",false,false,xen,4,x86_64,4,"1,2,3,4",1,1,2.5,15360,80,true,ssd,1,supported,supported,High,unsupported,4,15,-,-,"spread, partition",-,-,true,-,true,true,-,false,0.315 USD per Hour,0.567 USD per Hour
m4.10xlarge,m4,10xlarge,"eu-central-1a, eu-central-1b, eu-central-1c",false,false,xen,40,x86_64,20,"2,4,6,8,10,12,14,16,18,20",2,"1,2",2.4,163840,-,-,-,-,supported,default,10 Gigabit,unsupported,8,30,30,true,"cluster, spread, partition",-,-,true,-,true,-,-,true,2.4 USD per Hour,4.24 USD per Hour
m4.16xlarge,m4,16xlarge,"eu-central-1a, eu-central-1b, eu-central-1c",false,false,xen,64,x86_64,32,"2,4,6,8,10,12,14,16,18,20,22,24,26,28,30,32",2,"1,2",2.3,262144,-,-,-,-,supported,default,25 Gigabit,supported,8,30,30,true,"cluster, spread, partition",-,-,true,-,true,-,-,true,3.84 USD per Hour,6.784 USD per Hour
m4.2xlarge,m4,2xlarge,"eu-central-1a, eu-central-1b, eu-central-1c",false,false,xen,8,x86_64,4,"1,2,3,4",2,"1,2",2.4,32768,-,-,-,-,supported,default,High,unsupported,4,15,15,true,"cluster, spread, partition",-,-,true,-,true,true,-,true,0.48 USD per Hour,0.848 USD per Hour
m4.4xlarge,m4,4xlarge,"eu-central-1a, eu-central-1b, eu-central-1c",false,false,xen,16,x86_64,8,"1,2,3,4,5,6,7,8",2,"1,2",2.4,65536,-,-,-,-,supported,default,High,unsupported,8,30,30,true,"cluster, spread, partition",-,-,true,-,true,true,-,true,0.96 USD per Hour,1.696 USD per Hour
m4.large,m4,large,"eu-central-1a, eu-central-1b, eu-central-1c",false,false,xen,2,x86_64,1,1,2,"1,2",2.4,8192,-,-,-,-,supported,default,Moderate,unsupported,2,10,10,true,"cluster, spread, partition",-,-,true,-,true,true,-,true,0.12 USD per Hour,0.212 USD per Hour
m4.xlarge,m4,xlarge,"eu-central-1a, eu-central-1b, eu-central-1c",false,false,xen,4,x86_64,2,"1,2",2,"1,2",2.4,16384,-,-,-,-,supported,default,High,unsupported,4,15,15,true,"cluster, spread, partition",-,-,true,-,true,true,-,true,0.24 USD per Hour,0.424 USD per Hour
m5.12xlarge,m5,12xlarge,"eu-central-1a, eu-central-1b, eu-central-1c",false,false,nitro,48,x86_64,24,"2,4,6,8,10,12,14,16,18,20,22,24",2,"1,2",3.1,196608,-,-,-,-,supported,default,10 Gigabit,required,8,30,30,true,"cluster, spread, partition",-,-,true,-,true,-,-,true,2.76 USD per Hour,4.968 USD per Hour
m5.16xlarge,m5,16xlarge,"eu-central-1a, eu-central-1b, eu-central-1c",false,false,nitro,64,x86_64,32,"2,4,6,8,10,12,14,16,18,20,22,24,26,28,30,32",2,"1,2",3.1,262144,-,-,-,-,supported,default,20 Gigabit,required,15,50,50,true,"cluster, spread, partition",-,-,true,-,-,-,-,true,3.68 USD per Hour,6.624 USD per Hour
m5.24xlarge,m5,24xlarge,"eu-central-1a, eu-central-1b, eu-central-1c",false,false,nitro,96,x86_64,48,"4,6,8,10,12,14,16,18,20,22,24,26,28,30,32,34,36,38,40,42,44,46,48",2,"1,2",3.1,393216,-,-,-,-,supported,default,25 Gigabit,required,15,50,50,true,"cluster, spread, partition",-,-,true,-,true,-,-,true,5.52 USD per Hour,9.936 USD per Hour
m5.2xlarge,m5,2xlarge,"eu-central-1a, eu-central-1b, eu-central-1c",false,false,nitro,8,x86_64,4,"2,4",2,"1,2",3.1,32768,-,-,-,-,supported,default,Up to 10 Gigabit,required,4,15,15,true,"cluster, spread, partition",-,-,true,-,true,true,-,true,0.46 USD per Hour,0.828 USD per Hour
m5.4xlarge,m5,4xlarge,"eu-central-1a, eu-central-1b, eu-central-1c",false,false,nitro,16,x86_64,8,"2,4,6,8",2,"1,2",3.1,65536,-,-,-,-,supported,default,Up to 10 Gigabit,required,8,30,30,true,"cluster, spread, partition",-,-,true,-,true,true,-,true,0.92 USD per Hour,1.656 USD per Hour
m5.8xlarge,m5,8xlarge,"eu-central-1a, eu-central-1b, eu-central-1c",false,false,nitro,32,x86_64,16,"2,4,6,8,10,12,14,16",2,"1,2",3.1,131072,-,-,-,-,supported,default,10 Gigabit,required,8,30,30,true,"cluster, spread, partition",-,-,true,-,-,true,-,true,1.84 USD per Hour,3.312 USD per Hour
m5.large,m5,large,"eu-central-1a, eu-central-1b, eu-central-1c",false,false,nitro,2,x86_64,1,1,2,"1,2",3.1,8192,-,-,-,-,supported,default,Up to 10 Gigabit,required,3,10,10,true,"cluster, spread, partition",-,-,true,-,true,true,-,true,0.115 USD per Hour,0.207 USD per Hour
m5.metal,m5,metal,"eu-central-1a, eu-central-1b, eu-central-1c",false,true,,96,x86_64,-,-,-,-,3.1,393216,-,-,-,-,supported,default,25 Gigabit,required,15,50,50,true,"cluster, spread, partition",-,-,true,-,true,-,-,true,5.52 USD per Hour,9.936 USD per Hour
m5.xlarge,m5,xlarge,"eu-central-1a, eu-central-1b, eu-central-1c",false,false,nitro,4,x86_64,2,2,2,"1,2",3.1,16384,-,-,-,-,supported,default,Up to 10 Gigabit,required,4,15,15,true,"cluster, spread, partition",-,-,true,-,true,true,-,true,0.23 USD per Hour,0.414 USD per Hour
m5a.12xlarge,m5a,12xlarge,"eu-central-1a, eu-central-1b, eu-central-1c",false,false,nitro,48,x86_64,24,"6,12,18,24",2,"1,2",2.5,196608,-,-,-,-,supported,default,10 Gigabit,required,8,30,30,true,"spread, partition, cluster",-,-,true,-,true,-,-,true,2.496 USD per Hour,4.704 USD per Hour
m5a.16xlarge,m5a,16xlarge,"eu-central-1a, eu-central-1b, eu-central-1c",false,false,nitro,64,x86_64,32,"8,10,12,14,16,18,20,22,24,26,28,30,32",2,"1,2",2.5,262144,-,-,-,-,supported,default,12 Gigabit,required,15,50,50,true,"cluster, spread, partition",-,-,true,-,-,-,-,true,3.328 USD per Hour,6.272 USD per Hour
m5a.24xlarge,m5a,24xlarge,"eu-central-1a, eu-central-1b, eu-central-1c",false,false,nitro,96,x86_64,48,"12,18,24,36,48",2,"1,2",2.5,393216,-,-,-,-,supported,default,20 Gigabit,required,15,50,50,true,"spread, partition, cluster",-,-,true,-,true,-,-,true,4.992 USD per Hour,9.408 USD per Hour
m5a.2xlarge,m5a,2xlarge,"eu-central-1a, eu-central-1b, eu-central-1c",false,false,nitro,8,x86_64,4,"2,4",2,"1,2",2.5,32768,-,-,-,-,supported,default,Up to 10 Gigabit,required,4,15,15,true,"cluster, spread, partition",-,-,true,-,true,-,-,true,0.416 USD per Hour,0.784 USD per Hour
m5a.4xlarge,m5a,4xlarge,"eu-central-1a, eu-central-1b, eu-central-1c",false,false,nitro,16,x86_64,8,"2,4,6,8",2,"1,2",2.5,65536,-,-,-,-,supported,default,Up to 10 Gigabit,required,8,30,30,true,"cluster, spread, partition",-,-,true,-,true,-,-,true,0.832 USD per Hour,1.568 USD per Hour
m5a.8xlarge,m5a,8xlarge,"eu-central-1a, eu-central-1b, eu-central-1c",false,false,nitro,32,x86_64,16,"4,6,8,10,12,14,16",2,"1,2",2.5,131072,-,-,-,-,supported,default,Up to 10 Gigabit,required,8,30,30,true,"cluster, spread, partition",-,-,true,-,-,-,-,true,1.664 USD per Hour,3.136 USD per Hour
m5a.large,m5a,large,"eu-central-1a, eu-central-1b, eu-central-1c",false,false,nitro,2,x86_64,1,1,2,"1,2",2.5,8192,-,-,-,-,supported,default,Up to 10 Gigabit,required,3,10,10,true,"cluster, spread, partition",-,-,true,-,true,-,-,true,0.104 USD per Hour,0.196 USD per Hour
m5a.xlarge,m5a,xlarge,"eu-central-1a, eu-central-1b, eu-central-1c",false,false,nitro,4,x86_64,2,2,2,"1,2",2.5,16384,-,-,-,-,supported,default,Up to 10 Gigabit,required,4,15,15,true,"spread, partition, cluster",-,-,true,-,true,-,-,true,0.208 USD per Hour,0.392 USD per Hour
m5ad.12xlarge,m5ad,12xlarge,"eu-central-1a, eu-central-1b",false,false,nitro,48,x86_64,24,"6,12,18,24",2,"1,2",2.2,196608,1800,true,ssd,1,supported,default,10 Gigabit,required,8,30,30,true,"cluster, spread, partition",-,-,-,-,true,-,-,true,3 USD per Hour,5.208 USD per Hour
m5ad.16xlarge,m5ad,16xlarge,"eu-central-1a, eu-central-1b",false,false,nitro,64,x86_64,32,"8,10,12,14,16,18,20,22,24,26,28,30,32",2,"1,2",2.5,262144,2400,true,ssd,1,supported,default,12 Gigabit,required,15,50,50,true,"cluster, spread, partition",-,-,-,-,-,-,-,true,4 USD per Hour,6.944 USD per Hour
m5ad.24xlarge,m5ad,24xlarge,"eu-central-1a, eu-central-1b",false,false,nitro,96,x86_64,48,"12,18,24,36,48",2,"1,2",2.2,393216,3600,true,ssd,1,supported,default,20 Gigabit,required,15,50,50,true,"cluster, spread, partition",-,-,-,-,true,-,-,true,6 USD per Hour,10.416 USD per Hour
m5ad.2xlarge,m5ad,2xlarge,"eu-central-1a, eu-central-1b",false,false,nitro,8,x86_64,4,"2,4",2,"1,2",2.2,32768,300,true,ssd,1,supported,default,Up to 10 Gigabit,required,4,15,15,true,"cluster, spread, partition",-,-,-,-,true,-,-,true,0.5 USD per Hour,0.868 USD per Hour
m5ad.4xlarge,m5ad,4xlarge,"eu-central-1a, eu-central-1b",false,false,nitro,16,x86_64,8,"2,4,6,8",2,"1,2",2.2,65536,600,true,ssd,1,supported,default,Up to 10 Gigabit,required,8,30,30,true,"cluster, spread, partition",-,-,-,-,true,-,-,true,1 USD per Hour,1.736 USD per Hour
m5ad.8xlarge,m5ad,8xlarge,"eu-central-1a, eu-central-1b",false,false,nitro,32,x86_64,16,"4,6,8,10,12,14,16",2,"1,2",2.5,131072,1200,true,ssd,1,supported,default,Up to 10 Gigabit,required,8,30,30,true,"cluster, spread, partition",-,-,-,-,-,-,-,true,2 USD per Hour,3.472 USD per Hour
m5ad.large,m5ad,large,"eu-central-1a, eu-central-1b",false,false,nitro,2,x86_64,1,1,2,"1,2",2.2,8192,75,true,ssd,1,supported,default,Up to 10 Gigabit,required,3,10,10,true,"cluster, spread, partition",-,-,-,-,true,-,-,true,0.125 USD per Hour,0.217 USD per Hour
m5ad.xlarge,m5ad,xlarge,"eu-central-1a, eu-central-1b",false,false,nitro,4,x86_64,2,2,2,"1,2",2.2,16384,150,true,ssd,1,supported,default,Up to 10 Gigabit,required,4,15,15,true,"cluster, spread, partition",-,-,-,-,true,-,-,true,0.25 USD per Hour,0.434 USD per Hour
m5d.12xlarge,m5d,12xlarge,"eu-central-1a, eu-central-1b, eu-central-1c",false,false,nitro,48,x86_64,24,"2,4,6,8,10,12,14,16,18,20,22,24",2,"1,2",3.1,196608,1800,true,ssd,1,supported,default,10 Gigabit,required,8,30,30,true,"cluster, spread, partition",-,-,-,-,true,-,-,true,3.264 USD per Hour,5.472 USD per Hour
m5d.16xlarge,m5d,16xlarge,"eu-central-1a, eu-central-1b, eu-central-1c",false,false,nitro,64,x86_64,32,"2,4,6,8,10,12,14,16,18,20,22,24,26,28,30,32",2,"1,2",3.1,262144,2400,true,ssd,1,supported,default,20 Gigabit,required,15,50,50,true,"cluster, spread, partition",-,-,-,-,-,-,-,true,4.352 USD per Hour,7.296 USD per Hour
m5d.24xlarge,m5d,24xlarge,"eu-central-1a, eu-central-1b, eu-central-1c",false,false,nitro,96,x86_64,48,"4,6,8,10,12,14,16,18,20,22,24,26,28,30,32,34,36,38,40,42,44,46,48",2,"1,2",3.1,393216,3600,true,ssd,1,supported,default,25 Gigabit,required,15,50,50,true,"cluster, spread, partition",-,-,-,-,true,-,-,true,6.528 USD per Hour,10.944 USD per Hour
m5d.2xlarge,m5d,2xlarge,"eu-central-1a, eu-central-1b, eu-central-1c",false,false,nitro,8,x86_64,4,"2,4",2,"1,2",3.1,32768,300,true,ssd,1,supported,default,Up to 10 Gigabit,required,4,15,15,true,"cluster, spread, partition",-,-,-,-,true,-,-,true,0.544 USD per Hour,0.912 USD per Hour
m5d.4xlarge,m5d,4xlarge,"eu-central-1a, eu-central-1b, eu-central-1c",false,false,nitro,16,x86_64,8,"2,4,6,8",2,"1,2",3.1,65536,600,true,ssd,1,supported,default,Up to 10 Gigabit,required,8,30,30,true,"spread, partition, cluster",-,-,-,-,true,-,-,true,1.088 USD per Hour,1.824 USD per Hour
m5d.8xlarge,m5d,8xlarge,"eu-central-1a, eu-central-1b, eu-central-1c",false,false,nitro,32,x86_64,16,"2,4,6,8,10,12,14,16",2,"1,2",3.1,131072,1200,true,ssd,1,supported,default,10 Gigabit,required,8,30,30,true,"cluster, spread, partition",-,-,-,-,-,-,-,true,2.176 USD per Hour,3.648 USD per Hour
m5d.large,m5d,large,"eu-central-1a, eu-central-1b, eu-central-1c",false,false,nitro,2,x86_64,1,1,2,"1,2",3.1,8192,75,true,ssd,1,supported,default,Up to 10 Gigabit,required,3,10,10,true,"cluster, spread, partition",-,-,-,-,true,-,-,true,0.136 USD per Hour,0.228 USD per Hour
m5d.metal,m5d,metal,"eu-central-1a, eu-central-1b, eu-central-1c",false,true,,96,x86_64,-,-,-,-,3.1,393216,3600,true,ssd,1,supported,default,25 Gigabit,required,15,50,50,true,"cluster, spread, partition",-,-,-,-,true,-,-,true,6.528 USD per Hour,10.944 USD per Hour
m5d.xlarge,m5d,xlarge,"eu-central-1a, eu-central-1b, eu-central-1c",false,false,nitro,4,x86_64,2,2,2,"1,2",3.1,16384,150,true,ssd,1,supported,default,Up to 10 Gigabit,required,4,15,15,true,"cluster, spread, partition",-,-,-,-,true,-,-,true,0.272 USD per Hour,0.456 USD per Hour
m5dn.12xlarge,m5dn,12xlarge,"eu-central-1a, eu-central-1b, eu-central-1c",false,false,nitro,48,x86_64,24,"2,4,6,8,10,12,14,16,18,20,22,24",2,"1,2",3.1,196608,1800,true,ssd,1,supported,default,50 Gigabit,required,8,30,30,true,"cluster, spread, partition",-,-,-,-,true,-,-,true,3.888 USD per Hour,6.096 USD per Hour
m5dn.16xlarge,m5dn,16xlarge,"eu-central-1a, eu-central-1b, eu-central-1c",false,false,nitro,64,x86_64,32,"2,4,6,8,10,12,14,16,18,20,22,24,26,28,30,32",2,"1,2",3.1,262144,2400,true,ssd,1,supported,default,75 Gigabit,required,15,50,50,true,"cluster, spread, partition",-,-,-,-,true,-,-,true,5.184 USD per Hour,8.128 USD per Hour
m5dn.24xlarge,m5dn,24xlarge,"eu-central-1a, eu-central-1b, eu-central-1c",false,false,nitro,96,x86_64,48,"2,4,6,8,10,12,14,16,18,20,22,24,26,28,30,32,34,36,38,40,42,44,46,48",2,"1,2",3.1,393216,3600,true,ssd,1,supported,default,100 Gigabit,required,15,50,50,true,"cluster, spread, partition",-,-,-,-,true,-,-,true,7.776 USD per Hour,12.192 USD per Hour
m5dn.2xlarge,m5dn,2xlarge,"eu-central-1a, eu-central-1b, eu-central-1c",false,false,nitro,8,x86_64,4,"2,4",2,"1,2",3.1,32768,300,true,ssd,1,supported,default,Up to 25 Gigabit,required,4,15,15,true,"cluster, spread, partition",-,-,-,-,true,-,-,true,0.648 USD per Hour,1.016 USD per Hour
m5dn.4xlarge,m5dn,4xlarge,"eu-central-1a, eu-central-1b, eu-central-1c",false,false,nitro,16,x86_64,8,"2,4,6,8",2,"1,2",3.1,65536,600,true,ssd,1,supported,default,Up to 25 Gigabit,required,8,30,30,true,"cluster, spread, partition",-,-,-,-,true,-,-,true,1.296 USD per Hour,2.032 USD per Hour
m5dn.8xlarge,m5dn,8xlarge,"eu-central-1a, eu-central-1b, eu-central-1c",false,false,nitro,32,x86_64,16,"2,4,6,8,10,12,14,16",2,"1,2",3.1,131072,1200,true,ssd,1,supported,default,25 Gigabit,required,8,30,30,true,"cluster, spread, partition",-,-,-,-,true,-,-,true,2.592 USD per Hour,4.064 USD per Hour
m5dn.large,m5dn,large,"eu-central-1a, eu-central-1b, eu-central-1c",false,false,nitro,2,x86_64,1,1,2,"1,2",3.1,8192,75,true,ssd,1,supported,default,Up to 25 Gigabit,required,3,10,10,true,"cluster, spread, partition",-,-,-,-,true,-,-,true,0.162 USD per Hour,0.254 USD per Hour
m5dn.xlarge,m5dn,xlarge,"eu-central-1a, eu-central-1b, eu-central-1c",false,false,nitro,4,x86_64,2,"1,2",2,"1,2",3.1,16384,150,true,ssd,1,supported,default,Up to 25 Gigabit,required,4,15,15,true,"cluster, spread, partition",-,-,-,-,true,-,-,true,0.324 USD per Hour,0.508 USD per Hour
m5n.12xlarge,m5n,12xlarge,"eu-central-1a, eu-central-1b, eu-central-1c",false,false,nitro,48,x86_64,24,"2,4,6,8,10,12,14,16,18,20,22,24",2,"1,2",3.1,196608,-,-,-,-,supported,default,50 Gigabit,required,8,30,30,true,"cluster, spread, partition",-,-,true,-,true,-,-,true,3.384 USD per Hour,5.592 USD per Hour
m5n.16xlarge,m5n,16xlarge,"eu-central-1a, eu-central-1b, eu-central-1c",false,false,nitro,64,x86_64,32,"2,4,6,8,10,12,14,16,18,20,22,24,26,28,30,32",2,"1,2",3.1,262144,-,-,-,-,supported,default,75 Gigabit,required,15,50,50,true,"cluster, spread, partition",-,-,true,-,true,-,-,true,4.512 USD per Hour,7.456 USD per Hour
m5n.24xlarge,m5n,24xlarge,"eu-central-1a, eu-central-1b, eu-central-1c",false,false,nitro,96,x86_64,48,"2,4,6,8,10,12,14,16,18,20,22,24,26,28,30,32,34,36,38,40,42,44,46,48",2,"1,2",3.1,393216,-,-,-,-,supported,default,100 Gigabit,required,15,50,50,true,"cluster, spread, partition",-,-,true,-,true,-,-,true,6.768 USD per Hour,11.184 USD per Hour
m5n.2xlarge,m5n,2xlarge,"eu-central-1a, eu-central-1b, eu-central-1c",false,false,nitro,8,x86_64,4,"2,4",2,"1,2",3.1,32768,-,-,-,-,supported,default,Up to 25 Gigabit,required,4,15,15,true,"cluster, spread, partition",-,-,true,-,true,-,-,true,0.564 USD per Hour,0.932 USD per Hour
m5n.4xlarge,m5n,4xlarge,"eu-central-1a, eu-central-1b, eu-central-1c",false,false,nitro,16,x86_64,8,"2,4,6,8",2,"1,2",3.1,65536,-,-,-,-,supported,default,Up to 25 Gigabit,required,8,30,30,true,"cluster, spread, partition",-,-,true,-,true,-,-,true,1.128 USD per Hour,1.864 USD per Hour
m5n.8xlarge,m5n,8xlarge,"eu-central-1a, eu-central-1b, eu-central-1c",false,false,nitro,32,x86_64,16,"2,4,6,8,10,12,14,16",2,"1,2",3.1,131072,-,-,-,-,supported,default,25 Gigabit,required,8,30,30,true,"cluster, spread, partition",-,-,true,-,true,-,-,true,2.256 USD per Hour,3.728 USD per Hour
m5n.large,m5n,large,"eu-central-1a, eu-central-1b, eu-central-1c",false,false,nitro,2,x86_64,1,1,2,"1,2",3.1,8192,-,-,-,-,supported,default,Up to 25 Gigabit,required,3,10,10,true,"cluster, spread, partition",-,-,true,-,true,-,-,true,0.141 USD per Hour,0.233 USD per Hour
m5n.xlarge,m5n,xlarge,"eu-central-1a, eu-central-1b, eu-central-1c",false,false,nitro,4,x86_64,2,"1,2",2,"1,2",3.1,16384,-,-,-,-,supported,default,Up to 25 Gigabit,required,4,15,15,true,"cluster, spread, partition",-,-,true,-,true,-,-,true,0.282 USD per Hour,0.466 USD per Hour
p2.8xlarge,p2,8xlarge,"eu-central-1a, eu-central-1b",false,false,xen,32,x86_64,16,"1,2,3,4,5,6,7,8,9,10,11,12,13,14,15,16",2,"1,2",2.7,499712,-,-,-,-,supported,default,10 Gigabit,supported,8,30,30,true,"cluster, spread, partition",8,-,true,-,true,-,-,true,10.608 USD per Hour,12.08 USD per Hour
p2.xlarge,p2,xlarge,"eu-central-1a, eu-central-1b",false,false,xen,4,x86_64,2,"1,2",2,"1,2",2.7,62464,-,-,-,-,supported,default,High,supported,4,15,15,true,"spread, partition, cluster",1,-,true,-,true,-,-,true,1.326 USD per Hour,1.51 USD per Hour
p3.16xlarge,p3,16xlarge,"eu-central-1a, eu-central-1b",false,false,xen,64,x86_64,32,"2,4,6,8,10,12,14,16,18,20,22,24,26,28,30,32",2,"1,2",2.7,499712,-,-,-,-,supported,default,25 Gigabit,supported,8,30,30,true,"cluster, spread, partition",8,-,true,-,true,-,-,true,30.584 USD per Hour,33.528 USD per Hour
p3.2xlarge,p3,2xlarge,"eu-central-1a, eu-central-1b",false,false,xen,8,x86_64,4,"1,2,3,4",2,"1,2",2.7,62464,-,-,-,-,supported,default,Up to 10 Gigabit,supported,4,15,15,true,"cluster, spread, partition",1,-,true,-,true,-,-,true,3.823 USD per Hour,4.191 USD per Hour
p3.8xlarge,p3,8xlarge,"eu-central-1a, eu-central-1b",false,false,xen,32,x86_64,16,"1,2,3,4,5,6,7,8,9,10,11,12,13,14,15,16",2,"1,2",2.7,249856,-,-,-,-,supported,default,10 Gigabit,supported,8,30,30,true,"spread, partition, cluster",4,-,true,-,true,-,-,true,15.292 USD per Hour,16.764 USD per Hour
r3.2xlarge,r3,2xlarge,"eu-central-1a, eu-central-1b",false,false,xen,8,x86_64,4,"1,2,3,4",2,"1,2",2.5,62464,160,true,ssd,1,supported,supported,High,unsupported,4,15,15,true,"cluster, spread, partition",-,-,true,-,true,true,-,false,0.8 USD per Hour,1.18 USD per Hour
r3.4xlarge,r3,4xlarge,"eu-central-1a, eu-central-1b",false,false,xen,16,x86_64,8,"1,2,3,4,5,6,7,8",2,"1,2",2.5,124928,320,true,ssd,1,supported,supported,High,unsupported,8,30,30,true,"cluster, spread, partition",-,-,true,-,true,true,-,false,1.6 USD per Hour,2.228 USD per Hour
r3.8xlarge,r3,8xlarge,"eu-central-1a, eu-central-1b",false,false,xen,32,x86_64,16,"2,4,6,8,10,12,14,16",2,"1,2",2.5,249856,640,true,ssd,1,supported,unsupported,10 Gigabit,unsupported,8,30,30,true,"cluster, spread, partition",-,-,true,-,true,-,-,false,3.201 USD per Hour,4.069 USD per Hour
r3.large,r3,large,"eu-central-1a, eu-central-1b",false,false,xen,2,x86_64,1,1,2,"1,2",2.5,15360,32,true,ssd,1,supported,unsupported,Moderate,unsupported,3,10,10,true,"cluster, spread, partition",-,-,true,-,true,true,-,false,0.2 USD per Hour,0.325 USD per Hour
r3.xlarge,r3,xlarge,"eu-central-1a, eu-central-1b",false,false,xen,4,x86_64,2,"1,2",2,"1,2",2.5,31232,80,true,ssd,1,supported,supported,Moderate,unsupported,4,15,15,true,"cluster, spread, partition",-,-,true,-,true,true,-,false,0.4 USD per Hour,0.65 USD per Hour
r4.16xlarge,r4,16xlarge,"eu-central-1a, eu-central-1b, eu-central-1c",false,false,xen,64,x86_64,32,"2,4,6,8,10,12,14,16,18,20,22,24,26,28,30,32",2,"1,2",2.3,499712,-,-,-,-,supported,default,25 Gigabit,supported,15,50,50,true,"cluster, spread, partition",-,-,true,-,true,-,-,true,5.1216 USD per Hour,8.0656 USD per Hour
r4.2xlarge,r4,2xlarge,"eu-central-1a, eu-central-1b, eu-central-1c",false,false,xen,8,x86_64,4,"1,2,3,4",2,"1,2",2.3,62464,-,-,-,-,supported,default,Up to 10 Gigabit,supported,4,15,15,true,"cluster, spread, partition",-,-,true,-,true,true,-,true,0.6402 USD per Hour,1.0082 USD per Hour
r4.4xlarge,r4,4xlarge,"eu-central-1a, eu-central-1b, eu-central-1c",false,false,xen,16,x86_64,8,"1,2,3,4,5,6,7,8",2,"1,2",2.3,124928,-,-,-,-,supported,default,Up to 10 Gigabit,supported,8,30,30,true,"spread, partition, cluster",-,-,true,-,true,true,-,true,1.2804 USD per Hour,2.0164 USD per Hour
r4.8xlarge,r4,8xlarge,"eu-central-1a, eu-central-1b, eu-central-1c",false,false,xen,32,x86_64,16,"1,2,3,4,5,6,7,8,9,10,11,12,13,14,15,16",2,"1,2",2.3,249856,-,-,-,-,supported,default,10 Gigabit,supported,8,30,30,true,"cluster, spread, partition",-,-,true,-,true,-,-,true,2.5608 USD per Hour,4.0328 USD per Hour
r4.large,r4,large,"eu-central-1a, eu-central-1b, eu-central-1c",false,false,xen,2,x86_64,1,1,2,"1,2",2.3,15616,-,-,-,-,supported,default,Up to 10 Gigabit,supported,3,10,10,true,"cluster, spread, partition",-,-,true,-,true,true,-,true,0.16005 USD per Hour,0.25205 USD per Hour
r4.xlarge,r4,xlarge,"eu-central-1a, eu-central-1b, eu-central-1c",false,false,xen,4,x86_64,2,"1,2",2,"1,2",2.3,31232,-,-,-,-,supported,default,Up to 10 Gigabit,supported,4,15,15,true,"cluster, spread, partition",-,-,true,-,true,true,-,true,0.3201 USD per Hour,0.5041 USD per Hour
r5.12xlarge,r5,12xlarge,"eu-central-1a, eu-central-1b, eu-central-1c",false,false,nitro,48,x86_64,24,"2,4,6,8,10,12,14,16,18,20,22,24",2,"1,2",3.1,393216,-,-,-,-,supported,default,10 Gigabit,required,8,30,30,true,"cluster, spread, partition",-,-,true,-,true,-,-,true,3.648 USD per Hour,5.856 USD per Hour
r5.16xlarge,r5,16xlarge,"eu-central-1a, eu-central-1b, eu-central-1c",false,false,nitro,64,x86_64,32,"2,4,6,8,10,12,14,16,18,20,22,24,26,28,30,32",2,"1,2",3.1,524288,-,-,-,-,supported,default,20 Gigabit,required,15,50,50,true,"cluster, spread, partition",-,-,true,-,true,-,-,true,4.864 USD per Hour,7.808 USD per Hour
r5.24xlarge,r5,24xlarge,"eu-central-1a, eu-central-1b, eu-central-1c",false,false,nitro,96,x86_64,48,"4,6,8,10,12,14,16,18,20,22,24,26,28,30,32,34,36,38,40,42,44,46,48",2,"1,2",3.1,786432,-,-,-,-,supported,default,25 Gigabit,required,15,50,50,true,"cluster, spread, partition",-,-,true,-,true,-,-,true,7.296 USD per Hour,11.712 USD per Hour
r5.2xlarge,r5,2xlarge,"eu-central-1a, eu-central-1b, eu-central-1c",false,false,nitro,8,x86_64,4,"2,4",2,"1,2",3.1,65536,-,-,-,-,supported,default,Up to 10 Gigabit,required,4,15,15,true,"cluster, spread, partition",-,-,true,-,true,true,-,true,0.608 USD per Hour,0.976 USD per Hour
r5.4xlarge,r5,4xlarge,"eu-central-1a, eu-central-1b, eu-central-1c",false,false,nitro,16,x86_64,8,"2,4,6,8",2,"1,2",3.1,131072,-,-,-,-,supported,default,Up to 10 Gigabit,required,8,30,30,true,"cluster, spread, partition",-,-,true,-,true,true,-,true,1.216 USD per Hour,1.952 USD per Hour
r5.8xlarge,r5,8xlarge,"eu-central-1a, eu-central-1b, eu-central-1c",false,false,nitro,32,x86_64,16,"2,4,6,8,10,12,14,16",2,"1,2",3.1,262144,-,-,-,-,supported,default,10 Gigabit,required,8,30,30,true,"cluster, spread, partition",-,-,true,-,true,-,-,true,2.432 USD per Hour,3.904 USD per Hour
r5.large,r5,large,"eu-central-1a, eu-central-1b, eu-central-1c",false,false,nitro,2,x86_64,1,1,2,"1,2",3.1,16384,-,-,-,-,supported,default,Up to 10 Gigabit,required,3,10,10,true,"cluster, spread, partition",-,-,true,-,true,true,-,true,0.152 USD per Hour,0.244 USD per Hour
r5.metal,r5,metal,"eu-central-1a, eu-central-1b, eu-central-1c",false,true,,96,x86_64,-,-,-,-,3.1,786432,-,-,-,-,supported,default,25 Gigabit,required,15,50,50,true,"cluster, spread, partition",-,-,true,-,true,-,-,true,7.296 USD per Hour,11.712 USD per Hour
r5.xlarge,r5,xlarge,"eu-central-1a, eu-central-1b, eu-central-1c",false,false,nitro,4,x86_64,2,2,2,"1,2",3.1,32768,-,-,-,-,supported,default,Up to 10 Gigabit,required,4,15,15,true,"cluster, spread, partition",-,-,true,-,true,true,-,true,0.304 USD per Hour,0.488 USD per Hour
r5a.12xlarge,r5a,12xlarge,"eu-central-1a, eu-central-1b, eu-central-1c",false,false,nitro,48,x86_64,24,"6,12,18,24",2,"1,2",2.5,393216,-,-,-,-,supported,default,10 Gigabit,required,8,30,30,true,"cluster, spread, partition",-,-,true,-,true,-,-,true,3.288 USD per Hour,5.496 USD per Hour
r5a.16xlarge,r5a,16xlarge,"eu-central-1a, eu-central-1b, eu-central-1c",false,false,nitro,64,x86_64,32,"8,10,12,14,16,18,20,22,24,26,28,30,32",2,"1,2",2.5,524288,-,-,-,-,supported,default,12 Gigabit,required,15,50,50,true,"cluster, spread, partition",-,-,true,-,-,-,-,true,4.384 USD per Hour,7.328 USD per Hour
r5a.24xlarge,r5a,24xlarge,"eu-central-1a, eu-central-1b, eu-central-1c",false,false,nitro,96,x86_64,48,"12,18,24,36,48",2,"1,2",2.5,786432,-,-,-,-,supported,default,20 Gigabit,required,15,50,50,true,"cluster, spread, partition",-,-,true,-,true,-,-,true,6.576 USD per Hour,10.992 USD per Hour
r5a.2xlarge,r5a,2xlarge,"eu-central-1a, eu-central-1b, eu-central-1c",false,false,nitro,8,x86_64,4,"2,4",2,"1,2",2.5,65536,-,-,-,-,supported,default,Up to 10 Gigabit,required,4,15,15,true,"cluster, spread, partition",-,-,true,-,true,-,-,true,0.548 USD per Hour,0.916 USD per Hour
r5a.4xlarge,r5a,4xlarge,"eu-central-1a, eu-central-1b, eu-central-1c",false,false,nitro,16,x86_64,8,"2,4,6,8",2,"1,2",2.5,131072,-,-,-,-,supported,default,Up to 10 Gigabit,required,8,30,30,true,"cluster, spread, partition",-,-,true,-,true,-,-,true,1.096 USD per Hour,1.832 USD per Hour
r5a.8xlarge,r5a,8xlarge,"eu-central-1a, eu-central-1b, eu-central-1c",false,false,nitro,32,x86_64,16,"4,6,8,10,12,14,16",2,"1,2",2.5,262144,-,-,-,-,supported,default,Up to 10 Gigabit,required,8,30,30,true,"cluster, spread, partition",-,-,true,-,-,-,-,true,2.192 USD per Hour,3.664 USD per Hour
r5a.large,r5a,large,"eu-central-1a, eu-central-1b, eu-central-1c",false,false,nitro,2,x86_64,1,1,2,"1,2",2.5,16384,-,-,-,-,supported,default,Up to 10 Gigabit,required,3,10,10,true,"cluster, spread, partition",-,-,true,-,true,-,-,true,0.137 USD per Hour,0.229 USD per Hour
r5a.xlarge,r5a,xlarge,"eu-central-1a, eu-central-1b, eu-central-1c",false,false,nitro,4,x86_64,2,2,2,"1,2",2.5,32768,-,-,-,-,supported,default,Up to 10 Gigabit,required,4,15,15,true,"cluster, spread, partition",-,-,true,-,true,-,-,true,0.274 USD per Hour,0.458 USD per Hour
r5ad.12xlarge,r5ad,12xlarge,"eu-central-1a, eu-central-1b, eu-central-1c",false,false,nitro,48,x86_64,24,"6,12,18,24",2,"1,2",2.2,393216,1800,true,ssd,1,supported,default,10 Gigabit,required,8,30,30,true,"cluster, spread, partition",-,-,-,-,true,-,-,true,3.792 USD per Hour,6 USD per Hour
r5ad.16xlarge,r5ad,16xlarge,"eu-central-1a, eu-central-1b, eu-central-1c",false,false,nitro,64,x86_64,32,"8,10,12,14,16,18,20,22,24,26,28,30,32",2,"1,2",2.5,524288,2400,true,ssd,1,supported,default,12 Gigabit,required,15,50,50,true,"cluster, spread, partition",-,-,-,-,-,-,-,true,5.056 USD per Hour,8 USD per Hour
r5ad.24xlarge,r5ad,24xlarge,"eu-central-1a, eu-central-1b, eu-central-1c",false,false,nitro,96,x86_64,48,"12,18,24,36,48",2,"1,2",2.2,786432,3600,true,ssd,1,supported,default,20 Gigabit,required,15,50,50,true,"cluster, spread, partition",-,-,-,-,true,-,-,true,7.584 USD per Hour,12 USD per Hour
r5ad.2xlarge,r5ad,2xlarge,"eu-central-1a, eu-central-1b, eu-central-1c",false,false,nitro,8,x86_64,4,"2,4",2,"1,2",2.2,65536,300,true,ssd,1,supported,default,Up to 10 Gigabit,required,4,15,15,true,"cluster, spread, partition",-,-,-,-,true,-,-,true,0.632 USD per Hour,1 USD per Hour
r5ad.4xlarge,r5ad,4xlarge,"eu-central-1a, eu-central-1b, eu-central-1c",false,false,nitro,16,x86_64,8,"2,4,6,8",2,"1,2",2.2,131072,600,true,ssd,1,supported,default,Up to 10 Gigabit,required,8,30,30,true,"cluster, spread, partition",-,-,-,-,true,-,-,true,1.264 USD per Hour,2 USD per Hour
r5ad.8xlarge,r5ad,8xlarge,"eu-central-1a, eu-central-1b, eu-central-1c",false,false,nitro,32,x86_64,16,"4,6,8,10,12,14,16",2,"1,2",2.5,262144,1200,true,ssd,1,supported,default,Up to 10 Gigabit,required,8,30,30,true,"cluster, spread, partition",-,-,-,-,-,-,-,true,2.528 USD per Hour,4 USD per Hour
r5ad.large,r5ad,large,"eu-central-1a, eu-central-1b, eu-central-1c",false,false,nitro,2,x86_64,1,1,2,"1,2",2.2,16384,75,true,ssd,1,supported,default,Up to 10 Gigabit,required,3,10,10,true,"cluster, spread, partition",-,-,-,-,true,-,-,true,0.158 USD per Hour,0.25 USD per Hour
r5ad.xlarge,r5ad,xlarge,"eu-central-1a, eu-central-1b, eu-central-1c",false,false,nitro,4,x86_64,2,2,2,"1,2",2.2,32768,150,true,ssd,1,supported,default,Up to 10 Gigabit,required,4,15,15,true,"cluster, spread, partition",-,-,-,-,true,-,-,true,0.316 USD per Hour,0.5 USD per Hour
r5d.12xlarge,r5d,12xlarge,"eu-central-1a, eu-central-1b, eu-central-1c",false,false,nitro,48,x86_64,24,"2,4,6,8,10,12,14,16,18,20,22,24",2,"1,2",3.1,393216,1800,true,ssd,1,supported,default,10 Gigabit,required,8,30,30,true,"spread, partition, cluster",-,-,-,-,true,-,-,true,4.152 USD per Hour,6.36 USD per Hour
r5d.16xlarge,r5d,16xlarge,"eu-central-1a, eu-central-1b, eu-central-1c",false,false,nitro,64,x86_64,32,"2,4,6,8,10,12,14,16,18,20,22,24,26,28,30,32",2,"1,2",3.1,524288,2400,true,ssd,1,supported,default,20 Gigabit,required,15,50,50,true,"cluster, spread, partition",-,-,-,-,true,-,-,true,5.536 USD per Hour,8.48 USD per Hour
r5d.24xlarge,r5d,24xlarge,"eu-central-1a, eu-central-1b, eu-central-1c",false,false,nitro,96,x86_64,48,"4,6,8,10,12,14,16,18,20,22,24,26,28,30,32,34,36,38,40,42,44,46,48",2,"1,2",3.1,786432,3600,true,ssd,1,supported,default,25 Gigabit,required,15,50,50,true,"cluster, spread, partition",-,-,-,-,true,-,-,true,8.304 USD per Hour,12.72 USD per Hour
r5d.2xlarge,r5d,2xlarge,"eu-central-1a, eu-central-1b, eu-central-1c",false,false,nitro,8,x86_64,4,"2,4",2,"1,2",3.1,65536,300,true,ssd,1,supported,default,Up to 10 Gigabit,required,4,15,15,true,"cluster, spread, partition",-,-,-,-,true,-,-,true,0.692 USD per Hour,1.06 USD per Hour
r5d.4xlarge,r5d,4xlarge,"eu-central-1a, eu-central-1b, eu-central-1c",false,false,nitro,16,x86_64,8,"2,4,6,8",2,"1,2",3.1,131072,600,true,ssd,1,supported,default,Up to 10 Gigabit,required,8,30,30,true,"cluster, spread, partition",-,-,-,-,true,-,-,true,1.384 USD per Hour,2.12 USD per Hour
r5d.8xlarge,r5d,8xlarge,"eu-central-1a, eu-central-1b, eu-central-1c",false,false,nitro,32,x86_64,16,"2,4,6,8,10,12,14,16",2,"1,2",3.1,262144,1200,true,ssd,1,supported,default,10 Gigabit,required,8,30,30,true,"cluster, spread, partition",-,-,-,-,true,-,-,true,2.768 USD per Hour,4.24 USD per Hour
r5d.large,r5d,large,"eu-central-1a, eu-central-1b, eu-central-1c",false,false,nitro,2,x86_64,1,1,2,"1,2",3.1,16384,75,true,ssd,1,supported,default,Up to 10 Gigabit,required,3,10,10,true,"cluster, spread, partition",-,-,-,-,true,-,-,true,0.173 USD per Hour,0.265 USD per Hour
r5d.metal,r5d,metal,"eu-central-1a, eu-central-1b, eu-central-1c",false,true,,96,x86_64,-,-,-,-,3.1,786432,3600,true,ssd,1,supported,default,25 Gigabit,required,15,50,50,true,"cluster, spread, partition",-,-,-,-,true,-,-,true,8.304 USD per Hour,12.72 USD per Hour
r5d.xlarge,r5d,xlarge,"eu-central-1a, eu-central-1b, eu-central-1c",false,false,nitro,4,x86_64,2,2,2,"1,2",3.1,32768,150,true,ssd,1,supported,default,Up to 10 Gigabit,required,4,15,15,true,"cluster, spread, partition",-,-,-,-,true,-,-,true,0.346 USD per Hour,0.53 USD per Hour
r5dn.12xlarge,r5dn,12xlarge,"eu-central-1a, eu-central-1b, eu-central-1c",false,false,nitro,48,x86_64,24,"2,4,6,8,10,12,14,16,18,20,22,24",2,"1,2",3.1,393216,1800,true,ssd,1,supported,default,50 Gigabit,required,8,30,30,true,"cluster, spread, partition",-,-,-,-,true,-,-,true,4.776 USD per Hour,6.984 USD per Hour
r5dn.16xlarge,r5dn,16xlarge,"eu-central-1a, eu-central-1b, eu-central-1c",false,false,nitro,64,x86_64,32,"2,4,6,8,10,12,14,16,18,20,22,24,26,28,30,32",2,"1,2",3.1,524288,2400,true,ssd,1,supported,default,75 Gigabit,required,15,50,50,true,"cluster, spread, partition",-,-,-,-,true,-,-,true,6.368 USD per Hour,9.312 USD per Hour
r5dn.24xlarge,r5dn,24xlarge,"eu-central-1a, eu-central-1b, eu-central-1c",false,false,nitro,96,x86_64,48,"2,4,6,8,10,12,14,16,18,20,22,24,26,28,30,32,34,36,38,40,42,44,46,48",2,"1,2",3.1,786432,3600,true,ssd,1,supported,default,100 Gigabit,required,15,50,50,true,"spread, partition, cluster",-,-,-,-,true,-,-,true,9.552 USD per Hour,13.968 USD per Hour
r5dn.2xlarge,r5dn,2xlarge,"eu-central-1a, eu-central-1b, eu-central-1c",false,false,nitro,8,x86_64,4,"2,4",2,"1,2",3.1,65536,300,true,ssd,1,supported,default,Up to 25 Gigabit,required,4,15,15,true,"cluster, spread, partition",-,-,-,-,true,-,-,true,0.796 USD per Hour,1.164 USD per Hour
r5dn.4xlarge,r5dn,4xlarge,"eu-central-1a, eu-central-1b, eu-central-1c",false,false,nitro,16,x86_64,8,"2,4,6,8",2,"1,2",3.1,131072,600,true,ssd,1,supported,default,Up to 25 Gigabit,required,8,30,30,true,"spread, partition, cluster",-,-,-,-,true,-,-,true,1.592 USD per Hour,2.328 USD per Hour
r5dn.8xlarge,r5dn,8xlarge,"eu-central-1a, eu-central-1b, eu-central-1c",false,false,nitro,32,x86_64,16,"2,4,6,8,10,12,14,16",2,"1,2",3.1,262144,1200,true,ssd,1,supported,default,25 Gigabit,required,8,30,30,true,"cluster, spread, partition",-,-,-,-,true,-,-,true,3.184 USD per Hour,4.656 USD per Hour
r5dn.large,r5dn,large,"eu-central-1a, eu-central-1b, eu-central-1c",false,false,nitro,2,x86_64,1,1,2,"1,2",3.1,16384,75,true,ssd,1,supported,default,Up to 25 Gigabit,required,3,10,10,true,"cluster, spread, partition",-,-,-,-,true,-,-,true,0.199 USD per Hour,0.291 USD per Hour
r5dn.xlarge,r5dn,xlarge,"eu-central-1a, eu-central-1b, eu-central-1c",false,false,nitro,4,x86_64,2,"1,2",2,"1,2",3.1,32768,150,true,ssd,1,supported,default,Up to 25 Gigabit,required,4,15,15,true,"cluster, spread, partition",-,-,-,-,true,-,-,true,0.398 USD per Hour,0.582 USD per Hour
r5n.12xlarge,r5n,12xlarge,"eu-central-1a, eu-central-1b, eu-central-1c",false,false,nitro,48,x86_64,24,"2,4,6,8,10,12,14,16,18,20,22,24",2,"1,2",3.1,393216,-,-,-,-,supported,default,50 Gigabit,required,8,30,30,true,"cluster, spread, partition",-,-,true,-,true,-,-,true,4.272 USD per Hour,6.48 USD per Hour
r5n.16xlarge,r5n,16xlarge,"eu-central-1a, eu-central-1b, eu-central-1c",false,false,nitro,64,x86_64,32,"2,4,6,8,10,12,14,16,18,20,22,24,26,28,30,32",2,"1,2",3.1,524288,-,-,-,-,supported,default,75 Gigabit,required,15,50,50,true,"cluster, spread, partition",-,-,true,-,true,-,-,true,5.696 USD per Hour,8.64 USD per Hour
r5n.24xlarge,r5n,24xlarge,"eu-central-1a, eu-central-1b, eu-central-1c",false,false,nitro,96,x86_64,48,"2,4,6,8,10,12,14,16,18,20,22,24,26,28,30,32,34,36,38,40,42,44,46,48",2,"1,2",3.1,786432,-,-,-,-,supported,default,100 Gigabit,required,15,50,50,true,"cluster, spread, partition",-,-,true,-,true,-,-,true,8.544 USD per Hour,12.96 USD per Hour
r5n.2xlarge,r5n,2xlarge,"eu-central-1a, eu-central-1b, eu-central-1c",false,false,nitro,8,x86_64,4,"2,4",2,"1,2",3.1,65536,-,-,-,-,supported,default,Up to 25 Gigabit,required,4,15,15,true,"cluster, spread, partition",-,-,true,-,true,-,-,true,0.712 USD per Hour,1.08 USD per Hour
r5n.4xlarge,r5n,4xlarge,"eu-central-1a, eu-central-1b, eu-central-1c",false,false,nitro,16,x86_64,8,"2,4,6,8",2,"1,2",3.1,131072,-,-,-,-,supported,default,Up to 25 Gigabit,required,8,30,30,true,"cluster, spread, partition",-,-,true,-,true,-,-,true,1.424 USD per Hour,2.16 USD per Hour
r5n.8xlarge,r5n,8xlarge,"eu-central-1a, eu-central-1b, eu-central-1c",false,false,nitro,32,x86_64,16,"2,4,6,8,10,12,14,16",2,"1,2",3.1,262144,-,-,-,-,supported,default,25 Gigabit,required,8,30,30,true,"cluster, spread, partition",-,-,true,-,true,-,-,true,2.848 USD per Hour,4.32 USD per Hour
r5n.large,r5n,large,"eu-central-1a, eu-central-1b, eu-central-1c",false,false,nitro,2,x86_64,1,1,2,"1,2",3.1,16384,-,-,-,-,supported,default,Up to 25 Gigabit,required,3,10,10,true,"spread, partition, cluster",-,-,true,-,true,-,-,true,0.178 USD per Hour,0.27 USD per Hour
r5n.xlarge,r5n,xlarge,"eu-central-1a, eu-central-1b, eu-central-1c",false,false,nitro,4,x86_64,2,"1,2",2,"1,2",3.1,32768,-,-,-,-,supported,default,Up to 25 Gigabit,required,4,15,15,true,"cluster, spread, partition",-,-,true,-,true,-,-,true,0.356 USD per Hour,0.54 USD per Hour
t2.2xlarge,t2,2xlarge,"eu-central-1a, eu-central-1b, eu-central-1c",false,false,xen,8,x86_64,8,"1,2,3,4,5,6,7,8",1,1,2.3,32768,-,-,-,-,supported,unsupported,Moderate,unsupported,3,15,15,true,"spread, partition",-,-,true,-,-,-,true,true,0.4288 USD per Hour,0.4908 USD per Hour
t2.large,t2,large,"eu-central-1a, eu-central-1b, eu-central-1c",false,false,xen,2,x86_64,2,"1,2",1,1,2.3,8192,-,-,-,-,supported,unsupported,Low to Moderate,unsupported,3,12,12,true,"spread, partition",-,-,true,-,-,-,true,true,0.1072 USD per Hour,0.1352 USD per Hour
t2.medium,t2,medium,"eu-central-1a, eu-central-1b, eu-central-1c",false,false,xen,2,"x86_64, i386",2,"1,2",1,1,2.3,4096,-,-,-,-,supported,unsupported,Low to Moderate,unsupported,3,6,6,true,"spread, partition",-,-,true,-,-,-,true,true,0.0536 USD per Hour,0.0716 USD per Hour
t2.micro,t2,micro,"eu-central-1a, eu-central-1b, eu-central-1c",true,false,xen,1,"x86_64, i386",1,1,1,1,2.5,1024,-,-,-,-,supported,unsupported,Low to Moderate,unsupported,2,2,2,true,"spread, partition",-,-,true,-,-,-,true,true,0.0134 USD per Hour,0.018 USD per Hour
t2.nano,t2,nano,"eu-central-1a, eu-central-1b, eu-central-1c",false,false,xen,1,"x86_64, i386",1,1,1,1,2.4,512,-,-,-,-,supported,unsupported,Low to Moderate,unsupported,2,2,2,true,"spread, partition",-,-,true,-,-,-,true,true,0.0067 USD per Hour,0.009 USD per Hour
t2.small,t2,small,"eu-central-1a, eu-central-1b, eu-central-1c",false,false,xen,1,"x86_64, i386",1,1,1,1,2.5,2048,-,-,-,-,supported,unsupported,Low to Moderate,unsupported,3,4,4,true,"spread, partition",-,-,true,-,-,-,true,true,0.0268 USD per Hour,0.036 USD per Hour
t2.xlarge,t2,xlarge,"eu-central-1a, eu-central-1b, eu-central-1c",false,false,xen,4,x86_64,4,"1,2,3,4",1,1,2.3,16384,-,-,-,-,supported,unsupported,Moderate,unsupported,3,15,15,true,"spread, partition",-,-,true,-,-,-,true,true,0.2144 USD per Hour,0.2554 USD per Hour
t3.2xlarge,t3,2xlarge,"eu-central-1a, eu-central-1b, eu-central-1c",false,false,nitro,8,x86_64,4,"2,4",2,"1,2",2.5,32768,-,-,-,-,supported,default,Up to 5 Gigabit,required,4,15,15,true,"spread, partition",-,-,true,-,true,-,true,true,0.384 USD per Hour,0.5312 USD per Hour
t3.large,t3,large,"eu-central-1a, eu-central-1b, eu-central-1c",false,false,nitro,2,x86_64,1,1,2,"1,2",2.5,8192,-,-,-,-,supported,default,Up to 5 Gigabit,required,3,12,12,true,"spread, partition",-,-,true,-,true,-,true,true,0.096 USD per Hour,0.1236 USD per Hour
t3.medium,t3,medium,"eu-central-1a, eu-central-1b, eu-central-1c",false,false,nitro,2,x86_64,1,1,2,"1,2",2.5,4096,-,-,-,-,supported,default,Up to 5 Gigabit,required,3,6,6,true,"spread, partition",-,-,true,-,true,-,true,true,0.048 USD per Hour,0.0664 USD per Hour
t3.micro,t3,micro,"eu-central-1a, eu-central-1b, eu-central-1c",false,false,nitro,2,x86_64,1,1,2,"1,2",2.5,1024,-,-,-,-,supported,default,Up to 5 Gigabit,required,2,2,2,true,"spread, partition",-,-,true,-,true,-,true,true,0.012 USD per Hour,0.0212 USD per Hour
t3.nano,t3,nano,"eu-central-1a, eu-central-1b, eu-central-1c",false,false,nitro,2,x86_64,1,1,2,"1,2",2.5,512,-,-,-,-,supported,default,Up to 5 Gigabit,required,2,2,2,true,"spread, partition",-,-,true,-,true,-,true,true,0.006 USD per Hour,0.0106 USD per Hour
t3.small,t3,small,"eu-central-1a, eu-central-1b, eu-central-1c",false,false,nitro,2,x86_64,1,1,2,"1,2",2.5,2048,-,-,-,-,supported,default,Up to 5 Gigabit,required,3,4,4,true,"spread, partition",-,-,true,-,true,-,true,true,0.024 USD per Hour,0.0424 USD per Hour
t3.xlarge,t3,xlarge,"eu-central-1a, eu-central-1b, eu-central-1c",false,false,nitro,4,x86_64,2,2,2,"1,2",2.5,16384,-,-,-,-,supported,default,Up to 5 Gigabit,required,4,15,15,true,"spread, partition",-,-,true,-,true,-,true,true,0.192 USD per Hour,0.2656 USD per Hour
t3a.2xlarge,t3a,2xlarge,"eu-central-1a, eu-central-1b, eu-central-1c",false,false,nitro,8,x86_64,4,"2,4",2,"1,2",2.2,32768,-,-,-,-,supported,default,Up to 5 Gigabit,required,4,15,15,true,"spread, partition",-,-,true,-,-,-,true,true,0.3456 USD per Hour,0.4928 USD per Hour
t3a.large,t3a,large,"eu-central-1a, eu-central-1b, eu-central-1c",false,false,nitro,2,x86_64,1,1,2,"1,2",2.2,8192,-,-,-,-,supported,default,Up to 5 Gigabit,required,3,12,12,true,"spread, partition",-,-,true,-,-,-,true,true,0.0864 USD per Hour,0.114 USD per Hour
t3a.medium,t3a,medium,"eu-central-1a, eu-central-1b, eu-central-1c",false,false,nitro,2,x86_64,1,1,2,"1,2",2.2,4096,-,-,-,-,supported,default,Up to 5 Gigabit,required,3,6,6,true,"spread, partition",-,-,true,-,-,-,true,true,0.0432 USD per Hour,0.0616 USD per Hour
t3a.micro,t3a,micro,"eu-central-1a, eu-central-1b, eu-central-1c",false,false,nitro,2,x86_64,1,1,2,"1,2",2.2,1024,-,-,-,-,supported,default,Up to 5 Gigabit,required,2,2,2,true,"spread, partition",-,-,true,-,-,-,true,true,0.0108 USD per Hour,0.02 USD per Hour
t3a.nano,t3a,nano,"eu-central-1a, eu-central-1b, eu-central-1c",false,false,nitro,2,x86_64,1,1,2,"1,2",2.2,512,-,-,-,-,supported,default,Up to 5 Gigabit,required,2,2,2,true,"spread, partition",-,-,true,-,-,-,true,true,0.0054 USD per Hour,0.01 USD per Hour
t3a.small,t3a,small,"eu-central-1a, eu-central-1b, eu-central-1c",false,false,nitro,2,x86_64,1,1,2,"1,2",2.2,2048,-,-,-,-,supported,default,Up to 5 Gigabit,required,2,4,4,true,"spread, partition",-,-,true,-,-,-,true,true,0.0216 USD per Hour,0.04 USD per Hour
t3a.xlarge,t3a,xlarge,"eu-central-1a, eu-central-1b, eu-central-1c",false,false,nitro,4,x86_64,2,2,2,"1,2",2.2,16384,-,-,-,-,supported,default,Up to 5 Gigabit,required,4,15,15,true,"spread, partition",-,-,true,-,-,-,true,true,0.1728 USD per Hour,0.2464 USD per Hour
x1.16xlarge,x1,16xlarge,"eu-central-1a, eu-central-1b, eu-central-1c",false,false,xen,64,x86_64,32,"2,4,6,8,10,12,14,16,18,20,22,24,26,28,30,32",2,"1,2",2.3,999424,1920,true,ssd,1,supported,default,10 Gigabit,supported,8,30,30,true,"cluster, spread, partition",-,-,true,-,true,-,-,true,9.337 USD per Hour,12.281 USD per Hour
x1.32xlarge,x1,32xlarge,"eu-central-1a, eu-central-1b, eu-central-1c",false,false,xen,128,x86_64,64,"4,8,12,16,20,24,28,32,36,40,44,48,52,56,60,64",2,"1,2",2.3,1998848,3840,true,ssd,1,supported,default,25 Gigabit,supported,8,30,30,true,"spread, partition, cluster",-,-,true,-,true,-,-,true,18.674 USD per Hour,24.562 USD per Hour
x1e.16xlarge,x1e,16xlarge,"eu-central-1a, eu-central-1b",false,false,xen,64,x86_64,32,"2,4,6,8,10,12,14,16,18,20,22,24,26,28,30,32",2,"1,2",2.3,1998848,1920,true,ssd,1,supported,default,10 Gigabit,supported,8,30,30,true,"cluster, spread, partition",-,-,true,-,true,-,-,true,18.672 USD per Hour,21.616 USD per Hour
x1e.2xlarge,x1e,2xlarge,"eu-central-1a, eu-central-1b",false,false,xen,8,x86_64,4,"1,2,3,4",2,"1,2",2.3,249856,240,true,ssd,1,supported,default,Up to 10 Gigabit,supported,4,15,15,true,"cluster, spread, partition",-,-,true,-,true,-,-,true,2.334 USD per Hour,2.702 USD per Hour
x1e.32xlarge,x1e,32xlarge,"eu-central-1a, eu-central-1b",false,false,xen,128,x86_64,64,"4,8,12,16,20,24,28,32,36,40,44,48,52,56,60,64",2,"1,2",2.3,3997696,3840,true,ssd,1,supported,default,25 Gigabit,supported,8,30,30,true,"cluster, spread, partition",-,-,true,-,true,-,-,true,37.344 USD per Hour,43.232 USD per Hour
x1e.4xlarge,x1e,4xlarge,"eu-central-1a, eu-central-1b",false,false,xen,16,x86_64,8,"1,2,3,4,5,6,7,8",2,"1,2",2.3,499712,480,true,ssd,1,supported,default,Up to 10 Gigabit,supported,4,15,15,true,"spread, partition, cluster",-,-,true,-,true,-,-,true,4.668 USD per Hour,5.404 USD per Hour
x1e.8xlarge,x1e,8xlarge,"eu-central-1a, eu-central-1b",false,false,xen,32,x86_64,16,"1,2,3,4,5,6,7,8,9,10,11,12,13,14,15,16",2,"1,2",2.3,999424,960,true,ssd,1,supported,default,Up to 10 Gigabit,supported,4,15,15,true,"cluster, spread, partition",-,-,true,-,true,-,-,true,9.336 USD per Hour,10.808 USD per Hour
x1e.xlarge,x1e,xlarge,"eu-central-1a, eu-central-1b",false,false,xen,4,x86_64,2,"1,2",2,"1,2",2.3,124928,120,true,ssd,1,supported,default,Up to 10 Gigabit,supported,3,10,10,true,"cluster, spread, partition",-,-,true,-,true,-,-,true,1.167 USD per Hour,1.351 USD per Hour
z1d.12xlarge,z1d,12xlarge,"eu-central-1a, eu-central-1b, eu-central-1c",false,false,nitro,48,x86_64,24,"4,6,8,10,12,14,16,18,20,22,24",2,"1,2",4,393216,1800,true,ssd,1,supported,default,25 Gigabit,required,15,50,50,true,"cluster, spread, partition",-,-,-,-,true,-,-,true,5.4 USD per Hour,7.608 USD per Hour
z1d.2xlarge,z1d,2xlarge,"eu-central-1a, eu-central-1b, eu-central-1c",false,false,nitro,8,x86_64,4,"2,4",2,"1,2",4,65536,300,true,ssd,1,supported,default,Up to 10 Gigabit,required,4,15,15,true,"cluster, spread, partition",-,-,-,-,true,-,-,true,0.9 USD per Hour,1.268 USD per Hour
z1d.3xlarge,z1d,3xlarge,"eu-central-1a, eu-central-1b, eu-central-1c",false,false,nitro,12,x86_64,6,"2,4,6",2,"1,2",4,98304,450,true,ssd,1,supported,default,Up to 10 Gigabit,required,8,30,30,true,"spread, partition, cluster",-,-,-,-,true,-,-,true,1.35 USD per Hour,1.902 USD per Hour
z1d.6xlarge,z1d,6xlarge,"eu-central-1a, eu-central-1b, eu-central-1c",false,false,nitro,24,x86_64,12,"2,4,6,8,10,12",2,"1,2",4,196608,900,true,ssd,1,supported,default,10 Gigabit,required,8,30,30,true,"cluster, spread, partition",-,-,-,-,true,-,-,true,2.7 USD per Hour,3.804 USD per Hour
z1d.large,z1d,large,"eu-central-1a, eu-central-1b, eu-central-1c",false,false,nitro,2,x86_64,1,1,2,"1,2",4,16384,75,true,ssd,1,supported,default,Up to 10 Gigabit,required,3,10,10,true,"cluster, spread, partition",-,-,-,-,true,-,-,true,0.225 USD per Hour,0.317 USD per Hour
z1d.metal,z1d,metal,"eu-central-1a, eu-central-1b, eu-central-1c",false,true,,48,x86_64,-,-,-,-,4,393216,1800,true,ssd,1,supported,default,25 Gigabit,required,15,50,50,true,"cluster, spread, partition",-,-,-,-,true,-,-,true,5.4 USD per Hour,7.608 USD per Hour
z1d.xlarge,z1d,xlarge,"eu-central-1a, eu-central-1b, eu-central-1c",false,false,nitro,4,x86_64,2,"1,2",2,"1,2",4,32768,150,true,ssd,1,supported,default,Up to 10 Gigabit,required,4,15,15,true,"cluster, spread, partition",-,-,-,-,true,-,-,true,0.45 USD per Hour,0.634 USD per Hour